ID Number,Name,League,Team,Season,Birth Year,Position,Draft Year,Draft Position,NHL Team,Games Played,Goals,Assists,Points,PIMs,Points per Game,PIMS per Game,Shooting Percentage
002-00,Shakir Mukhamadullin,MHL,Tolpar Ufa,2018-19,2002,LHD,2020,20,NJD,5,1,2,3,2,0.6,0.4,14.3
002-01,Shakir Mukhamadullin,VHL,Toros Neftekamsk,2019-20,2002,LHD,2020,20,NJD,1,0,0,0,0,0,0,0
002-02,Shakir Mukhamadullin,MHL,Tolpar Ufa,2019-20,2002,LHD,2020,20,NJD,13,2,7,9,6,0.6923076923,0.4615384615,8
002-03,Shakir Mukhamadullin,KHL,Salavat Ulaev Ufa,2019-20,2002,LHD,2020,20,NJD,27,0,1,1,0,0.03703703704,0,0
002-04,Shakir Mukhamadullin,KHL,Salavat Ulaev Ufa,2020-21,2002,LHD,2020,20,NJD,39,3,7,10,10,0.2564102564,0.2564102564,8.1
002-05,Shakir Mukhamadullin,KHL,Salavat Ulaev Ufa,2021-22,2002,LHD,2020,20,NJD,34,3,4,7,12,0.2058823529,0.3529411765,5.8
002-06,Shakir Mukhamadullin,AHL,San Jose Barracuda,2022-23,2002,LHD,2020,20,NJD,12,1,9,10,6,0.8333333333,0.5,7.7
002-07,Shakir Mukhamadullin,KHL,Salavat Ulaev Ufa,2022-23,2002,LHD,2020,20,NJD,67,6,19,25,35,0.3731343284,0.5223880597,4.4
003-00,Marat Khusnutdinov,MHL,SKA 1946 Saint Petersburg,2019-20,2002,C,2020,37,MIN,44,13,25,38,16,0.8636363636,0.3636363636,16
003-01,Marat Khusnutdinov,MHL,SKA 1946 Saint Petersburg,2020-21,2002,C,2020,37,MIN,10,3,11,14,6,1.4,0.6,11.5
003-02,Marat Khusnutdinov,VHL,SKA Neva Saint Petersburg,2020-21,2002,C,2020,37,MIN,4,1,0,1,2,0.25,0.5,10
003-03,Marat Khusnutdinov,KHL,SKA Saint Petersburg,2020-21,2002,C,2020,37,MIN,12,0,2,2,2,0.1666666667,0.1666666667,0
003-04,Marat Khusnutdinov,KHL,SKA Saint Petersburg,2021-22,2002,C,2020,37,MIN,32,5,7,12,8,0.375,0.25,11.9
003-05,Marat Khusnutdinov,KHL,SKA Saint Petersburg,2022-23,2002,C,2020,37,MIN,63,11,30,41,18,0.6507936508,0.2857142857,13.8
004-00,Fyodor Svechkov,MHL,Lada Togliatti,2019-20,2003,C,2021,19,NSH,24,4,2,6,6,0.25,0.25,12.5
004-01,Fyodor Svechkov,VHL,Lada Togliatti,2020-21,2003,C,2021,19,NSH,38,5,10,15,6,0.3947368421,0.1578947368,11.6
004-02,Fyodor Svechkov,MHL,Lada Togliatti,2020-21,2003,C,2021,19,NSH,15,4,11,15,35,1,2.333333333,7.7
004-03,Fyodor Svechkov,KHL,SKA Saint Petersburg,2021-22,2003,C,2021,19,NSH,4,0,0,0,0,0,0,0
004-04,Fyodor Svechkov,MHL,SKA 1946 Saint Petersburg,2021-22,2003,C,2021,19,NSH,4,0,8,8,0,2,0,0
004-05,Fyodor Svechkov,VHL,SKA Neva Saint Petersburg,2021-22,2003,C,2021,19,NSH,30,9,22,31,12,1.033333333,0.4,13.4
004-06,Fyodor Svechkov,KHL,Spartak Moscow,2022-23,2003,C,2021,19,NSH,27,2,2,4,5,0.1481481481,0.1851851852,5.4
004-07,Fyodor Svechkov,MHL,MHK Spartak Moscow,2022-23,2003,C,2021,19,NSH,5,4,4,8,0,1.6,0,11.4
004-08,Fyodor Svechkov,VHL,Khimik Voskresensk,2022-23,2003,C,2021,19,NSH,14,1,6,7,0,0.5,0,3.7
005-00,Prokhor Poltapov,MHL,Krasnaya Armiya Moscow,2019-20,2003,RW,2021,33,BUF,23,8,4,12,10,0.5217391304,0.4347826087,22.9
005-01,Prokhor Poltapov,KHL,CSKA Moscow,2020-21,2003,RW,2021,33,BUF,1,0,0,0,0,0,0,0
005-02,Prokhor Poltapov,MHL,Krasnaya Armiya Moscow,2020-21,2003,RW,2021,33,BUF,61,25,27,52,30,0.8524590164,0.4918032787,14.8
005-03,Prokhor Poltapov,VHL,Zvezda Chekhov,2021-22,2003,RW,2021,33,BUF,25,3,4,7,8,0.28,0.32,6.8
005-04,Prokhor Poltapov,KHL,CSKA Moscow,2021-22,2003,RW,2021,33,BUF,17,0,0,0,0,0,0,0
005-05,Prokhor Poltapov,MHL,Krasnaya Armiya Moscow,2021-22,2003,RW,2021,33,BUF,13,5,10,15,6,1.153846154,0.4615384615,8.8
005-06,Prokhor Poltapov,VHL,Zvezda Chekhov,2022-23,2003,RW,2021,33,BUF,3,0,1,1,2,0.3333333333,0.6666666667,0
005-07,Prokhor Poltapov,MHL,Krasnaya Armiya Moscow,2022-23,2003,RW,2021,33,BUF,2,1,0,1,2,0.5,1,10
005-08,Prokhor Poltapov,KHL,CSKA Moscow,2022-23,2003,RW,2021,33,BUF,56,5,5,10,37,0.1785714286,0.6607142857,12.8
006-00,Daniil Chayka,OHL,Guelph Storm,2018-19,2002,LHD,2021,38,VGK,56,5,9,14,2,0.25,0.03571428571,7.8
006-01,Daniil Chayka,OHL,Guelph Storm,2019-20,2002,LHD,2021,38,VGK,56,11,23,34,18,0.6071428571,0.3214285714,9.6
006-02,Daniil Chayka,KHL,CSKA Moscow,2020-21,2002,LHD,2021,38,VGK,11,1,1,2,0,0.1818181818,0,11.1
006-03,Daniil Chayka,MHL,Krasnaya Armiya Moscow,2020-21,2002,LHD,2021,38,VGK,5,1,3,4,2,0.8,0.4,11.1
006-04,Daniil Chayka,VHL,Zvezda Chekhov,2020-21,2002,LHD,2021,38,VGK,10,0,1,1,0,0.1,0,0
006-05,Daniil Chayka,OHL,Guelph Storm,2021-22,2002,LHD,2021,38,VGK,53,7,32,39,22,0.7358490566,0.4150943396,4.5
006-06,Daniil Chayka,AHL,Henderson Silver Knights,2022-23,2002,LHD,2021,38,VGK,57,2,6,8,6,0.1403508772,0.1052631579,4.4
007-00,Ilya Fedotov,MHL,Chaika Nizhny Novgorod,2019-20,2003,LW,2021,43,ARZ,6,0,1,1,2,0.1666666667,0.3333333333,0
007-01,Ilya Fedotov,KHL,Torpedo Nizhny Novgorod,2020-21,2003,LW,2021,43,ARZ,2,0,0,0,0,0,0,0
007-02,Ilya Fedotov,MHL,Chaika Nizhny Novgorod,2020-21,2003,LW,2021,43,ARZ,54,18,20,38,28,0.7037037037,0.5185185185,12
007-03,Ilya Fedotov,KHL,Torpedo Nizhny Novgorod,2021-22,2003,LW,2021,43,ARZ,35,2,0,2,17,0.05714285714,0.4857142857,4.5
007-04,Ilya Fedotov,MHL,Chaika Nizhny Novgorod,2021-22,2003,LW,2021,43,ARZ,20,3,12,15,44,0.75,2.2,3.2
007-05,Ilya Fedotov,KHL,Torpedo Nizhny Novgorod,2022-23,2003,LW,2021,43,ARZ,2,0,0,0,0,0,0,0
007-06,Ilya Fedotov,MHL,Chaika Nizhny Novgorod,2022-23,2003,LW,2021,43,ARZ,11,6,3,9,8,0.8181818182,0.7272727273,9.7
007-07,Ilya Fedotov,KHL,Neftekhimik Nizhnekamsk,2022-23,2003,LW,2021,43,ARZ,40,9,5,14,20,0.35,0.5,12.2
008-00,Artyom Grushnikov,MHL,Krasnaya Armiya Moscow,2019-20,2003,LHD,2021,48,DAL,29,1,4,5,4,0.1724137931,0.1379310345,3
008-01,Artyom Grushnikov,OHL,Hamilton Bulldogs,2021-22,2003,LHD,2021,48,DAL,56,5,7,12,33,0.2142857143,0.5892857143,4.4
008-02,Artyom Grushnikov,AHL,Texas Stars,2022-23,2003,LHD,2021,48,DAL,1,0,0,0,0,0,0,0
008-03,Artyom Grushnikov,OHL,Hamilton Bulldogs,2022-23,2003,LHD,2021,48,DAL,65,8,9,17,44,0.2615384615,0.6769230769,6.9
009-01,Nikita Chibrikov,MHL,MHK Dynamo Moscow,2019-20,2003,LW,2021,50,WPG,32,3,13,16,8,0.5,0.25,3.6
009-02,Nikita Chibrikov,VHL,SKA Neva Saint Petersburg,2020-21,2003,LW,2021,50,WPG,20,3,5,8,49,0.4,2.45,5.5
009-03,Nikita Chibrikov,KHL,SKA Saint Petersburg,2020-21,2003,LW,2021,50,WPG,16,1,1,2,6,0.125,0.375,12.5
009-04,Nikita Chibrikov,MHL,SKA 1946 Saint Petersburg,2020-21,2003,LW,2021,50,WPG,11,3,6,9,12,0.8181818182,1.090909091,9.7
009-05,Nikita Chibrikov,KHL,SKA Saint Petersburg,2021-22,2003,LW,2021,50,WPG,4,0,0,0,0,0,0,0
009-06,Nikita Chibrikov,MHL,SKA 1946 Saint Petersburg,2021-22,2003,LW,2021,50,WPG,4,4,2,6,8,1.5,2,16.7
009-07,Nikita Chibrikov,VHL,SKA Neva Saint Petersburg,2021-22,2003,LW,2021,50,WPG,28,15,16,31,10,1.107142857,0.3571428571,14.4
009-08,Nikita Chibrikov,KHL,Spartak Moscow,2022-23,2003,LW,2021,50,WPG,31,1,1,2,8,0.06451612903,0.2580645161,3.2
009-09,Nikita Chibrikov,MHL,MHK Spartak Moscow,2022-23,2003,LW,2021,50,WPG,12,8,10,18,9,1.5,0.75,14.5
009-10,Nikita Chibrikov,VHL,Khimik Voskresensk,2022-23,2003,LW,2021,50,WPG,16,3,7,10,4,0.625,0.25,7.9
010-00,Alexander Kisakov,MHL,MHK Dynamo Moscow,2018-19,2002,C,2021,53,BUF,5,0,2,2,2,0.4,0.4,0
010-01,Alexander Kisakov,MHL,MHK Dynamo Moscow,2019-20,2002,C,2021,53,BUF,34,2,16,18,24,0.5294117647,0.7058823529,3.9
010-02,Alexander Kisakov,MHL,MHK Dynamo Moscow,2020-21,2002,C,2021,53,BUF,61,36,37,73,90,1.196721311,1.475409836,18
010-03,Alexander Kisakov,KHL,Dynamo Moscow,2021-22,2002,C,2021,53,BUF,4,0,0,0,0,0,0,0
010-04,Alexander Kisakov,MHL,MHK Dynamo Moscow,2021-22,2002,C,2021,53,BUF,51,26,30,56,40,1.098039216,0.7843137255,14.6
010-05,Alexander Kisakov,AHL,Rochester Americans,2022-23,2002,C,2021,53,BUF,48,6,2,8,24,0.1666666667,0.5,13.3
011-00,Danila Yurov,MHL,Stalnye Lisy Magnitogorsk,2019-20,2003,RW,2022,24,MIN,18,6,7,13,6,0.7222222222,0.3333333333,15.8
011-01,Danila Yurov,MHL,Stalnye Lisy Magnitogorsk,2020-21,2003,RW,2022,24,MIN,23,13,12,25,8,1.086956522,0.347826087,13.8
011-02,Danila Yurov,KHL,Metallurg Magnitogorsk,2020-21,2003,RW,2022,24,MIN,21,1,1,2,0,0.09523809524,0,7.7
011-03,Danila Yurov,MHL,Stalnye Lisy Magnitogorsk,2021-22,2003,RW,2022,24,MIN,23,13,23,36,8,1.565217391,0.347826087,14.4
011-04,Danila Yurov,KHL,Metallurg Magnitogorsk,2021-22,2003,RW,2022,24,MIN,21,0,0,0,2,0,0.09523809524,0
011-05,Danila Yurov,MHL,Stalnye Lisy Magnitogorsk,2022-23,2003,RW,2022,24,MIN,12,4,11,15,6,1.25,0.5,8.2
011-06,Danila Yurov,KHL,Metallurg Magnitogorsk,2022-23,2003,RW,2022,24,MIN,59,6,6,12,8,0.2033898305,0.1355932203,10.9
012-00,Gleb Trikozov,MHL,Omskie Yastreby,2020-21,2004,LW,2022,60,CAR,49,15,15,30,39,0.612244898,0.7959183673,8.6
012-01,Gleb Trikozov,VHL,Omskie Krylia,2021-22,2004,LW,2022,60,CAR,11,1,1,2,0,0.1818181818,0,5.3
012-02,Gleb Trikozov,MHL,Omskie Yastreby,2021-22,2004,LW,2022,60,CAR,35,23,22,45,22,1.285714286,0.6285714286,14
012-03,Gleb Trikozov,KHL,Avangard Omsk,2022-23,2004,LW,2022,60,CAR,1,0,0,0,0,0,0,0
012-04,Gleb Trikozov,VHL,Omskie Krylia,2022-23,2004,LW,2022,60,CAR,25,5,5,10,4,0.4,0.16,8.1
012-05,Gleb Trikozov,MHL,Omskie Yastreby,2022-23,2004,LW,2022,60,CAR,25,14,15,29,2,1.16,0.08,11.9
013-00,Dimitry Simashev,MHL,Loko Yaroslavl,2021-22,2004,LHD,2023,6,ARZ,46,5,11,16,20,0.347826087,0.4347826087,9.1
013-01,Dimitry Simashev,MHL,Loko-76 Yaroslavl,2022-23,2004,LHD,2023,6,ARZ,4,0,2,2,2,0.5,0.5,0
013-02,Dimitry Simashev,KHL,Lokomotiv Yaroslavl,2022-23,2004,LHD,2023,6,ARZ,18,0,0,0,2,0,0.1111111111,0
013-03,Dimitry Simashev,MHL,Loko Yaroslavl,2022-23,2004,LHD,2023,6,ARZ,29,1,9,10,39,0.3448275862,1.344827586,2.1
014-00,Matvei Michkov,MHL,SKA Varyagi Imeni Morozova,2020-21,2004,C,2023,7,PHI,6,3,1,4,2,0.6666666667,0.3333333333,8.8
014-01,Matvei Michkov,MHL,SKA 1946 Saint Petersburg,2020-21,2004,C,2023,7,PHI,50,35,17,52,45,1.04,0.9,17.1
014-02,Matvei Michkov,MHL,SKA Varyagi Imeni Morozova,2021-22,2004,C,2023,7,PHI,6,8,5,13,2,2.166666667,0.3333333333,19.5
014-03,Matvei Michkov,KHL,SKA Saint Petersburg,2021-22,2004,C,2023,7,PHI,13,2,3,5,0,0.3846153846,0,10.5
014-04,Matvei Michkov,MHL,SKA 1946 Saint Petersburg,2021-22,2004,C,2023,7,PHI,22,22,16,38,22,1.727272727,1,15.3
014-05,Matvei Michkov,KHL,SKA Saint Petersburg,2022-23,2004,C,2023,7,PHI,3,0,0,0,2,0,0.6666666667,0
014-06,Matvei Michkov,VHL,SKA Neva Saint Petersburg,2022-23,2004,C,2023,7,PHI,12,10,4,14,4,1.166666667,0.3333333333,14.7
014-07,Matvei Michkov,KHL,HK Sochi,2022-23,2004,C,2023,7,PHI,27,9,11,20,14,0.7407407407,0.5185185185,9.3
015-00,Daniil But,MHL,Loko-76 Yaroslavl,2021-22,2005,LW,2023,12,ARZ,3,0,2,2,2,0.6666666667,0.6666666667,0
015-01,Daniil But,MHL,Loko Yaroslavl,2021-22,2005,LW,2023,12,ARZ,46,17,25,42,28,0.9130434783,0.6086956522,11
015-02,Daniil But,MHL,Loko-76 Yaroslavl,2022-23,2005,LW,2023,12,ARZ,6,3,3,6,4,1,0.6666666667,12.5
015-03,Daniil But,MHL,Loko Yaroslavl,2022-23,2005,LW,2023,12,ARZ,26,15,11,26,22,1,0.8461538462,13.2
015-04,Daniil But,KHL,Lokomotiv Yaroslavl,2022-23,2005,LW,2023,12,ARZ,15,2,0,2,6,0.1333333333,0.4,14.3
016-00,Mikhail Gulyaev,MHL,Omskie Yastreby,2021-22,2005,LHD,2023,31,COL,54,7,28,35,24,0.6481481481,0.4444444444,8
016-01,Mikhail Gulyaev,KHL,Avangard Omsk,2022-23,2005,LHD,2023,31,COL,13,0,1,1,6,0.07692307692,0.4615384615,0
016-02,Mikhail Gulyaev,VHL,Omskie Krylia,2022-23,2005,LHD,2023,31,COL,12,0,4,4,4,0.3333333333,0.3333333333,0
016-03,Mikhail Gulyaev,MHL,Omskie Yastreby,2022-23,2005,LHD,2023,31,COL,22,2,23,25,18,1.136363636,0.8181818182,3.3
017-00,Roman Kantserov,MHL,Stalnye Lisy Magnitogorsk,2020-21,2004,RW,2023,44,CHI,47,10,11,21,6,0.4468085106,0.1276595745,18.5
017-01,Roman Kantserov,MHL,Stalnye Lisy Magnitogorsk,2021-22,2004,RW,2023,44,CHI,55,29,28,57,50,1.036363636,0.9090909091,16.6
017-02,Roman Kantserov,KHL,Metallurg Magnitogorsk,2022-23,2004,RW,2023,44,CHI,1,0,0,0,0,0,0,0
017-03,Roman Kantserov,MHL,Stalnye Lisy Magnitogorsk,2022-23,2004,RW,2023,44,CHI,45,27,27,54,17,1.2,0.3777777778,14
018-00,Yan Kuznetsov,USHL,Sioux Falls Stampede,2018-19,2002,LHD,2020,50,CLG,34,0,4,4,12,0.1176470588,0.3529411765,0
018-01,Yan Kuznetsov,NCAA,University of Connecticut,2019-20,2002,LHD,2020,50,CLG,33,2,9,11,16,0.3333333333,0.4848484848,6.9
018-02,Yan Kuznetsov,NCAA,University of Connecticut,2020-21,2002,LHD,2020,50,CLG,16,1,5,6,4,0.375,0.25,7.1
018-03,Yan Kuznetsov,AHL,Stockton Heat,2020-21,2002,LHD,2020,50,CLG,6,0,0,0,4,0,0.6666666667,0
018-04,Yan Kuznetsov,AHL,Stockton Heat,2021-22,2002,LHD,2020,50,CLG,12,0,0,0,13,0,1.083333333,0
018-05,Yan Kuznetsov,QMJHL,Saint John Sea Dogs,2021-22,2002,LHD,2020,50,CLG,25,2,11,13,14,0.52,0.56,4.7
018-06,Yan Kuznetsov,AHL,Stockton Heat,2022-23,2002,LHD,2020,50,CLG,63,5,14,19,30,0.3015873016,0.4761904762,7.7
019-00,Vasily Ponomaryov,MHL,MHK Krylia Sovetov Moscow,2018-19,2002,C,2020,53,CAR,37,9,20,29,12,0.7837837838,0.3243243243,9.9
019-01,Vasily Ponomaryov,QMJHL,Shawnigan Cataractes,2019-20,2002,C,2020,53,CAR,57,18,31,49,15,0.8596491228,0.2631578947,12.1
019-02,Vasily Ponomaryov,QMJHL,Shawnigan Cataractes,2020-21,2002,C,2020,53,CAR,33,10,28,38,16,1.151515152,0.4848484848,10.9
019-03,Vasily Ponomaryov,KHL,Spartak Moscow,2021-22,2002,C,2020,53,CAR,14,1,1,2,0,0.1428571429,0,20
019-04,Vasily Ponomaryov,MHL,MHK Spartak Moscow,2021-22,2002,C,2020,53,CAR,4,2,7,9,4,2.25,1,15.4
019-05,Vasily Ponomaryov,VHL,Khimik Voskresensk,2021-22,2002,C,2020,53,CAR,21,7,6,13,8,0.619047619,0.380952381,14.6
019-06,Vasily Ponomaryov,AHL,Chicago Wolves,2022-23,2002,C,2020,53,CAR,11,3,7,10,4,0.9090909091,0.3636363636,17.6
019-07,Vasily Ponomaryov,AHL,Chicago Wolves,2022-23,2002,C,2020,53,CAR,64,24,22,46,32,0.71875,0.5,16.4
020-00,Artem Duda,MHL,Krasnaya Armiya Moscow,2020-21,2004,LHD,2022,36,ARZ,40,1,8,9,0,0.225,0,2
020-01,Artem Duda,VHL,Zvezda Chekhov,2021-22,2004,LHD,2022,36,ARZ,4,0,0,0,0,0,0,0
020-02,Artem Duda,MHL,Krasnaya Armiya Moscow,2021-22,2004,LHD,2022,36,ARZ,52,14,27,41,0,0.7884615385,0,9.9
020-03,Artem Duda,VHL,Zvezda Chekhov,2022-23,2004,LHD,2022,36,ARZ,3,0,0,0,0,0,0,0
020-04,Artem Duda,KHL,CSKA Moscow,2022-23,2004,LHD,2022,36,ARZ,14,0,3,3,0,0.2142857143,0,0
020-05,Artem Duda,MHL,Krasnaya Armiya Moscow,2022-23,2004,LHD,2022,36,ARZ,14,5,8,13,2,0.9285714286,0.1428571429,9.6
023-00,Dimitry Buchelnikov,MHL,SKA 1946 Saint Petersburg,2020-21,2003,LW,2022,52,DET,29,11,10,21,10,0.724137931,0.3448275862,17.7
023-01,Dimitry Buchelnikov,MHL,SKA Varyagi Imeni Morozova,2020-21,2003,LW,2022,52,DET,17,5,11,16,0,0.9411764706,0,12.5
023-02,Dimitry Buchelnikov,MHL,SKA 1946 Saint Petersburg,2021-22,2003,LW,2022,52,DET,56,41,34,75,22,1.339285714,0.3928571429,19.5
023-03,Dimitry Buchelnikov,KHL,SKA Saint Petersburg,2022-23,2003,LW,2022,52,DET,10,1,1,2,2,0.2,0.2,7.1
023-04,Dimitry Buchelnikov,MHL,SKA 1946 Saint Petersburg,2022-23,2003,LW,2022,52,DET,4,5,7,12,2,3,0.5,20.8
023-05,Dimitry Buchelnikov,VHL,SKA Neva Saint Petersburg,2022-23,2003,LW,2022,52,DET,35,15,13,28,12,0.8,0.3428571429,13.3
024-00,Alexander Nikishin,MHL,MHK Krylia Sovetov Moscow,2018-19,2001,LHD,2020,69,CAR,62,8,17,25,55,0.4032258065,0.8870967742,7.3
024-01,Alexander Nikishin,VHL,Khimik Voskresensk,2019-20,2001,LHD,2020,69,CAR,2,0,0,0,0,0,0,0
024-02,Alexander Nikishin,MHL,MHK Spartak Moscow,2019-20,2001,LHD,2020,69,CAR,6,0,3,3,4,0.5,0.6666666667,0
024-03,Alexander Nikishin,KHL,Spartak Moscow,2019-20,2001,LHD,2020,69,CAR,29,0,3,0,2,0,0.06896551724,0
024-04,Alexander Nikishin,MHL,MHK Spartak Moscow,2020-21,2001,LHD,2020,69,CAR,1,0,0,0,2,0,2,0
024-05,Alexander Nikishin,VHL,Khimik Voskresensk,2020-21,2001,LHD,2020,69,CAR,3,0,3,3,0,1,0,0
024-06,Alexander Nikishin,KHL,Spartak Moscow,2020-21,2001,LHD,2020,69,CAR,20,1,4,5,4,0.25,0.2,4.8
024-07,Alexander Nikishin,KHL,Spartak Moscow,2021-22,2001,LHD,2020,69,CAR,46,8,4,12,39,0.2608695652,0.847826087,11.6
024-08,Alexander Nikishin,KHL,SKA Saint Petersburg,2022-23,2001,LHD,2020,69,CAR,65,11,44,55,50,0.8461538462,0.7692307692,9
025-00,Maxim Groshev,MHL,Reaktor Nizhnekamsk,2018-19,2001,RW,2020,85,TBL,47,7,13,20,18,0.4255319149,0.3829787234,7.1
025-01,Maxim Groshev,MHL,Reaktor Nizhnekamsk,2019-20,2001,RW,2020,85,TBL,8,3,2,5,0,0.625,0,10.7
025-02,Maxim Groshev,KHL,Neftekhimik Nizhnekamsk,2019-20,2001,RW,2020,85,TBL,36,1,6,7,4,0.1944444444,0.1111111111,4.2
025-03,Maxim Groshev,MHL,Reaktor Nizhnekamsk,2020-21,2001,RW,2020,85,TBL,1,0,0,0,2,0,2,0
025-04,Maxim Groshev,VHL,SKA Neva Saint Petersburg,2020-21,2001,RW,2020,85,TBL,1,0,0,0,0,0,0,0
025-05,Maxim Groshev,KHL,Neftekhimik Nizhnekamsk,2020-21,2001,RW,2020,85,TBL,17,0,2,2,2,0.1176470588,0.1176470588,0
025-06,Maxim Groshev,KHL,SKA Saint Petersburg,2020-21,2001,RW,2020,85,TBL,18,1,0,1,8,0.05555555556,0.4444444444,7.7
025-07,Maxim Groshev,VHL,SKA Neva Saint Petersburg,2021-22,2001,RW,2020,85,TBL,16,1,11,12,4,0.75,0.25,3.6
025-08,Maxim Groshev,KHL,SKA Saint Petersburg,2021-22,2001,RW,2020,85,TBL,3,0,1,1,0,0.3333333333,0,0
025-09,Maxim Groshev,KHL,SKA Saint Petersburg,2022-23,2001,RW,2020,85,TBL,34,4,2,6,4,0.1764705882,0.1176470588,8
025-10,Maxim Groshev,VHL,SKA Neva Saint Petersburg,2022-23,2001,RW,2020,85,TBL,22,9,9,18,10,0.8181818182,0.4545454545,9.7
026-00,Kirill Kirsanov,MHL,SKA 1946 Saint Petersburg,2019-20,2002,LHD,2021,84,LAK,40,4,9,13,12,0.325,0.3,11.4
026-01,Kirill Kirsanov,VHL,SKA Neva Saint Petersburg,2020-21,2002,LHD,2021,84,LAK,4,1,1,2,2,0.5,0.5,33.3
026-02,Kirill Kirsanov,MHL,SKA 1946 Saint Petersburg,2020-21,2002,LHD,2021,84,LAK,8,0,4,4,4,0.5,0.5,0
026-03,Kirill Kirsanov,KHL,SKA Saint Petersburg,2020-21,2002,LHD,2021,84,LAK,29,0,3,3,0,0.1034482759,0,0
026-04,Kirill Kirsanov,KHL,SKA Saint Petersburg,2021-22,2002,LHD,2021,84,LAK,24,0,4,4,4,0.1666666667,0.1666666667,0
026-05,Kirill Kirsanov,MHL,SKA 1946 Saint Petersburg,2021-22,2002,LHD,2021,84,LAK,3,1,2,3,2,1,0.6666666667,25
026-06,Kirill Kirsanov,VHL,SKA Neva Saint Petersburg,2021-22,2002,LHD,2021,84,LAK,3,1,1,2,0,0.6666666667,0,33.3
026-07,Kirill Kirsanov,KHL,SKA Saint Petersburg,2022-23,2002,LHD,2021,84,LAK,9,0,1,1,2,0.1111111111,0.2222222222,0
026-08,Kirill Kirsanov,MHL,SKA 1946 Saint Petersburg,2022-23,2002,LHD,2021,84,LAK,5,2,3,5,0,1,0,20
026-09,Kirill Kirsanov,VHL,SKA Neva Saint Petersburg,2022-23,2002,LHD,2021,84,LAK,31,4,10,14,14,0.4516129032,0.4516129032,6.7
027-00,Dmitri Kostenko,MHL,Lada Togliatti,2018-19,2002,RHD,2021,87,MTL,41,4,9,13,20,0.3170731707,0.487804878,7.3
027-01,Dmitri Kostenko,VHL,Lada Togliatti,2019-20,2002,RHD,2021,87,MTL,8,0,0,0,0,0,0,0
027-02,Dmitri Kostenko,MHL,Lada Togliatti,2019-20,2002,RHD,2021,87,MTL,27,7,13,20,57,0.7407407407,2.111111111,10.1
027-03,Dmitri Kostenko,VHL,Lada Togliatti,2020-21,2002,RHD,2021,87,MTL,40,1,9,10,14,0.25,0.35,2.9
027-04,Dmitri Kostenko,MHL,Lada Togliatti,2020-21,2002,RHD,2021,87,MTL,10,1,8,9,10,0.9,1,4.3
027-05,Dmitri Kostenko,MHL,MHK Spartak Moscow,2021-22,2002,RHD,2021,87,MTL,7,0,9,9,36,1.285714286,5.142857143,0
027-06,Dmitri Kostenko,VHL,Khimik Voskresensk,2021-22,2002,RHD,2021,87,MTL,40,4,10,14,40,0.35,1,7.4
027-07,Dmitri Kostenko,KHL,Kunlun Red Star,2022-23,2002,RHD,2021,87,MTL,52,2,2,4,20,0.07692307692,0.3846153846,9.1
028-00,Stiven Sardaryan,MHL,Krasnaya Armiya Moscow,2020-21,2003,C,2021,88,BUF,50,9,21,30,2,0.6,0.04,17
028-01,Stiven Sardaryan,USHL,Youngstown Phantoms,2021-22,2003,C,2021,88,BUF,46,8,17,25,24,0.5434782609,0.5217391304,16.3
028-02,Stiven Sardaryan,NCAA,University of New Hampshire,2022-23,2003,C,2021,88,BUF,29,2,5,7,8,0.2413793103,0.275862069,16.7
029-00,Alexander Perevalov,MHL,Loko Yaroslavl,2020-21,2004,LW,2022,71,CAR,17,4,2,6,4,0.3529411765,0.2352941176,11.8
029-01,Alexander Perevalov,MHL,Loko-76 Yaroslavl,2021-22,2004,LW,2022,71,CAR,2,0,1,1,0,0.5,0,0
029-02,Alexander Perevalov,KHL,Lokomotiv Yaroslavl,2021-22,2004,LW,2022,71,CAR,5,0,0,0,0,0,0,0
029-03,Alexander Perevalov,MHL,Loko Yaroslavl,2021-22,2004,LW,2022,71,CAR,42,25,25,50,32,1.19047619,0.7619047619,15.5
029-04,Alexander Perevalov,KHL,Kunlun Red Star,2022-23,2004,LW,2022,71,CAR,27,2,1,3,4,0.1111111111,0.1481481481,6.1
029-05,Alexander Perevalov,MHL,Loko-76 Yaroslavl,2022-23,2004,LW,2022,71,CAR,7,4,1,5,7,0.7142857143,1,17.4
029-06,Alexander Perevalov,MHL,Loko Yaroslavl,2022-23,2004,LW,2022,71,CAR,4,2,1,3,4,0.75,1,10.5
030-00,Viktor Neuchev,MHL,Avto Yekaterinburg,2020-21,2003,LW,2022,74,BUF,43,14,15,29,10,0.6744186047,0.2325581395,9.9
030-01,Viktor Neuchev,VHL,Gornyak Uchaly,2021-22,2003,LW,2022,74,BUF,5,0,0,0,0,0,0,0
030-02,Viktor Neuchev,MHL,Avto Yekaterinburg,2021-22,2003,LW,2022,74,BUF,61,40,27,67,14,1.098360656,0.2295081967,11
030-03,Viktor Neuchev,KHL,Avtomobilist Yekaterinburg,2021-22,2003,LW,2022,74,BUF,1,0,0,0,0,0,0,0
030-04,Viktor Neuchev,VHL,Gornyak Uchaly,2022-23,2003,LW,2022,74,BUF,7,1,0,1,2,0.1428571429,0.2857142857,5.3
030-05,Viktor Neuchev,KHL,Avtomobilist Yekaterinburg,2022-23,2003,LW,2022,74,BUF,57,4,8,12,2,0.2105263158,0.0350877193,5.5
031-00,Aydar Suniev,BCHL,Penticton Vees,2021-22,2004,LW,2023,80,CLG,17,9,11,20,2,1.176470588,0.1176470588,
031-01,Aydar Suniev,BCHL,Penticton Vees,2022-23,2004,LW,2023,80,CLG,50,45,45,90,44,1.8,0.88,